Prediction_Time,lag_12,lag_11,lag_10,lag_9,lag_8,lag_7,lag_6,lag_5,lag_4,lag_3,lag_2,lag_1,True_Value,Original_Prediction,Shifted_Prediction
2016-03-04 01:00:00,16.0,10.0,11.0,11.0,6.0,12.999999999999998,7.0,2.0,6.0,7.0,4.0,7.0,12.0,6.3651767,6.8380466
2016-03-04 01:05:00,10.0,11.0,11.0,6.0,12.999999999999998,7.0,2.0,6.0,7.0,4.0,7.0,12.0,5.0,6.8380466,6.703592
2016-03-04 01:10:00,11.0,11.0,6.0,12.999999999999998,7.0,2.0,6.0,7.0,4.0,7.0,12.0,5.0,10.0,6.703592,7.091076
2016-03-04 01:15:00,11.0,6.0,12.999999999999998,7.0,2.0,6.0,7.0,4.0,7.0,12.0,5.0,10.0,10.0,7.091076,7.7522407
2016-03-04 01:20:00,6.0,12.999999999999998,7.0,2.0,6.0,7.0,4.0,7.0,12.0,5.0,10.0,10.0,1.0,7.7522407,7.4618073
2016-03-04 01:25:00,12.999999999999998,7.0,2.0,6.0,7.0,4.0,7.0,12.0,5.0,10.0,10.0,1.0,6.0,7.4618073,7.6714964
2016-03-04 01:30:00,7.0,2.0,6.0,7.0,4.0,7.0,12.0,5.0,10.0,10.0,1.0,6.0,6.0,7.6714964,7.6207433
2016-03-04 01:35:00,2.0,6.0,7.0,4.0,7.0,12.0,5.0,10.0,10.0,1.0,6.0,6.0,5.0,7.6207433,7.1173115
2016-03-04 01:40:00,6.0,7.0,4.0,7.0,12.0,5.0,10.0,10.0,1.0,6.0,6.0,5.0,3.0,7.1173115,6.4819794
2016-03-04 01:45:00,7.0,4.0,7.0,12.0,5.0,10.0,10.0,1.0,6.0,6.0,5.0,3.0,3.0,6.4819794,5.8463655
2016-03-04 01:50:00,4.0,7.0,12.0,5.0,10.0,10.0,1.0,6.0,6.0,5.0,3.0,3.0,7.0,5.8463655,5.495188
2016-03-04 01:55:00,7.0,12.0,5.0,10.0,10.0,1.0,6.0,6.0,5.0,3.0,3.0,7.0,5.0,5.495188,5.2685566
2016-03-04 02:00:00,12.0,5.0,10.0,10.0,1.0,6.0,6.0,5.0,3.0,3.0,7.0,5.0,2.0,5.2685566,5.010226
2016-03-04 02:05:00,5.0,10.0,10.0,1.0,6.0,6.0,5.0,3.0,3.0,7.0,5.0,2.0,1.0,5.010226,4.599636
2016-03-04 02:10:00,10.0,10.0,1.0,6.0,6.0,5.0,3.0,3.0,7.0,5.0,2.0,1.0,1.0,4.599636,4.297054
2016-03-04 02:15:00,10.0,1.0,6.0,6.0,5.0,3.0,3.0,7.0,5.0,2.0,1.0,1.0,4.0,4.297054,4.164145
2016-03-04 02:20:00,1.0,6.0,6.0,5.0,3.0,3.0,7.0,5.0,2.0,1.0,1.0,4.0,7.0,4.164145,4.1780267
2016-03-04 02:25:00,6.0,6.0,5.0,3.0,3.0,7.0,5.0,2.0,1.0,1.0,4.0,7.0,4.0,4.1780267,4.1426716
2016-03-04 02:30:00,6.0,5.0,3.0,3.0,7.0,5.0,2.0,1.0,1.0,4.0,7.0,4.0,5.0,4.1426716,4.1814966
2016-03-04 02:35:00,5.0,3.0,3.0,7.0,5.0,2.0,1.0,1.0,4.0,7.0,4.0,5.0,4.0,4.1814966,4.2278676
2016-03-04 02:40:00,3.0,3.0,7.0,5.0,2.0,1.0,1.0,4.0,7.0,4.0,5.0,4.0,4.0,4.2278676,4.315342
2016-03-04 02:45:00,3.0,7.0,5.0,2.0,1.0,1.0,4.0,7.0,4.0,5.0,4.0,4.0,6.0,4.315342,4.5745134
2016-03-04 02:50:00,7.0,5.0,2.0,1.0,1.0,4.0,7.0,4.0,5.0,4.0,4.0,6.0,1.0,4.5745134,4.5900817
2016-03-04 02:55:00,5.0,2.0,1.0,1.0,4.0,7.0,4.0,5.0,4.0,4.0,6.0,1.0,5.0,4.5900817,4.733022
2016-03-04 03:00:00,2.0,1.0,1.0,4.0,7.0,4.0,5.0,4.0,4.0,6.0,1.0,5.0,6.0,4.733022,4.896651
2016-03-04 03:05:00,1.0,1.0,4.0,7.0,4.0,5.0,4.0,4.0,6.0,1.0,5.0,6.0,3.0,4.896651,4.7968874
2016-03-04 03:10:00,1.0,4.0,7.0,4.0,5.0,4.0,4.0,6.0,1.0,5.0,6.0,3.0,3.0,4.7968874,4.6151943
2016-03-04 03:15:00,4.0,7.0,4.0,5.0,4.0,4.0,6.0,1.0,5.0,6.0,3.0,3.0,5.0,4.6151943,4.590607
2016-03-04 03:20:00,7.0,4.0,5.0,4.0,4.0,6.0,1.0,5.0,6.0,3.0,3.0,5.0,4.0,4.590607,4.5843163
2016-03-04 03:25:00,4.0,5.0,4.0,4.0,6.0,1.0,5.0,6.0,3.0,3.0,5.0,4.0,2.0,4.5843163,4.4386253
2016-03-04 03:30:00,5.0,4.0,4.0,6.0,1.0,5.0,6.0,3.0,3.0,5.0,4.0,2.0,8.0,4.4386253,4.6354647
2016-03-04 03:35:00,4.0,4.0,6.0,1.0,5.0,6.0,3.0,3.0,5.0,4.0,2.0,8.0,8.0,4.6354647,4.9578032
2016-03-04 03:40:00,4.0,6.0,1.0,5.0,6.0,3.0,3.0,5.0,4.0,2.0,8.0,8.0,5.0,4.9578032,5.148001
2016-03-04 03:45:00,6.0,1.0,5.0,6.0,3.0,3.0,5.0,4.0,2.0,8.0,8.0,5.0,7.0,5.148001,5.4856706
2016-03-04 03:50:00,1.0,5.0,6.0,3.0,3.0,5.0,4.0,2.0,8.0,8.0,5.0,7.0,10.0,5.4856706,6.1091123
2016-03-04 03:55:00,5.0,6.0,3.0,3.0,5.0,4.0,2.0,8.0,8.0,5.0,7.0,10.0,5.0,6.1091123,6.4895725
2016-03-04 04:00:00,6.0,3.0,3.0,5.0,4.0,2.0,8.0,8.0,5.0,7.0,10.0,5.0,10.0,6.4895725,7.2478924
2016-03-04 04:05:00,3.0,3.0,5.0,4.0,2.0,8.0,8.0,5.0,7.0,10.0,5.0,10.0,8.0,7.2478924,7.822891
2016-03-04 04:10:00,3.0,5.0,4.0,2.0,8.0,8.0,5.0,7.0,10.0,5.0,10.0,8.0,14.0,7.822891,8.935063
2016-03-04 04:15:00,5.0,4.0,2.0,8.0,8.0,5.0,7.0,10.0,5.0,10.0,8.0,14.0,6.0,8.935063,9.247558
2016-03-04 04:20:00,4.0,2.0,8.0,8.0,5.0,7.0,10.0,5.0,10.0,8.0,14.0,6.0,18.0,9.247558,10.733634
2016-03-04 04:25:00,2.0,8.0,8.0,5.0,7.0,10.0,5.0,10.0,8.0,14.0,6.0,18.0,18.0,10.733634,12.568682
2016-03-04 04:30:00,8.0,8.0,5.0,7.0,10.0,5.0,10.0,8.0,14.0,6.0,18.0,18.0,15.0,12.568682,14.543471
2016-03-04 04:35:00,8.0,5.0,7.0,10.0,5.0,10.0,8.0,14.0,6.0,18.0,18.0,15.0,25.999999999999996,14.543471,18.804646
2016-03-04 04:40:00,5.0,7.0,10.0,5.0,10.0,8.0,14.0,6.0,18.0,18.0,15.0,25.999999999999996,33.0,18.804646,25.497503
2016-03-04 04:45:00,7.0,10.0,5.0,10.0,8.0,14.0,6.0,18.0,18.0,15.0,25.999999999999996,33.0,27.0,25.497503,30.969484
2016-03-04 04:50:00,10.0,5.0,10.0,8.0,14.0,6.0,18.0,18.0,15.0,25.999999999999996,33.0,27.0,37.0,30.969484,39.035625
2016-03-04 04:55:00,5.0,10.0,8.0,14.0,6.0,18.0,18.0,15.0,25.999999999999996,33.0,27.0,37.0,42.0,39.035625,45.287975
2016-03-04 05:00:00,10.0,8.0,14.0,6.0,18.0,18.0,15.0,25.999999999999996,33.0,27.0,37.0,42.0,42.0,45.287975,49.757565
2016-03-04 05:05:00,8.0,14.0,6.0,18.0,18.0,15.0,25.999999999999996,33.0,27.0,37.0,42.0,42.0,48.0,49.757565,52.645355
2016-03-04 05:10:00,14.0,6.0,18.0,18.0,15.0,25.999999999999996,33.0,27.0,37.0,42.0,42.0,48.0,46.0,52.645355,54.061695
2016-03-04 05:15:00,6.0,18.0,18.0,15.0,25.999999999999996,33.0,27.0,37.0,42.0,42.0,48.0,46.0,61.0,54.061695,58.587994
2016-03-04 05:20:00,18.0,18.0,15.0,25.999999999999996,33.0,27.0,37.0,42.0,42.0,48.0,46.0,61.0,57.0,58.587994,61.99838
2016-03-04 05:25:00,18.0,15.0,25.999999999999996,33.0,27.0,37.0,42.0,42.0,48.0,46.0,61.0,57.0,58.0,61.99838,63.16506
2016-03-04 05:30:00,15.0,25.999999999999996,33.0,27.0,37.0,42.0,42.0,48.0,46.0,61.0,57.0,58.0,66.0,63.16506,66.16549
2016-03-04 05:35:00,25.999999999999996,33.0,27.0,37.0,42.0,42.0,48.0,46.0,61.0,57.0,58.0,66.0,67.0,66.16549,69.12044
2016-03-04 05:40:00,33.0,27.0,37.0,42.0,42.0,48.0,46.0,61.0,57.0,58.0,66.0,67.0,105.0,69.12044,89.428505
2016-03-04 05:45:00,27.0,37.0,42.0,42.0,48.0,46.0,61.0,57.0,58.0,66.0,67.0,105.0,89.0,89.428505,94.53966
2016-03-04 05:50:00,37.0,42.0,42.0,48.0,46.0,61.0,57.0,58.0,66.0,67.0,105.0,89.0,93.0,94.53966,97.8801
2016-03-04 05:55:00,42.0,42.0,48.0,46.0,61.0,57.0,58.0,66.0,67.0,105.0,89.0,93.0,89.0,97.8801,97.29938
2016-03-04 06:00:00,42.0,48.0,46.0,61.0,57.0,58.0,66.0,67.0,105.0,89.0,93.0,89.0,102.00000000000001,97.29938,102.34376
2016-03-04 06:05:00,48.0,46.0,61.0,57.0,58.0,66.0,67.0,105.0,89.0,93.0,89.0,102.00000000000001,107.0,102.34376,107.917854
2016-03-04 06:10:00,46.0,61.0,57.0,58.0,66.0,67.0,105.0,89.0,93.0,89.0,102.00000000000001,107.0,113.0,107.917854,113.20364
2016-03-04 06:15:00,61.0,57.0,58.0,66.0,67.0,105.0,89.0,93.0,89.0,102.00000000000001,107.0,113.0,132.0,113.20364,124.65258
2016-03-04 06:20:00,57.0,58.0,66.0,67.0,105.0,89.0,93.0,89.0,102.00000000000001,107.0,113.0,132.0,142.0,124.65258,134.4366
2016-03-04 06:25:00,58.0,66.0,67.0,105.0,89.0,93.0,89.0,102.00000000000001,107.0,113.0,132.0,142.0,133.0,134.4366,135.19182
2016-03-04 06:30:00,66.0,67.0,105.0,89.0,93.0,89.0,102.00000000000001,107.0,113.0,132.0,142.0,133.0,149.0,135.19182,140.47775
2016-03-04 06:35:00,67.0,105.0,89.0,93.0,89.0,102.00000000000001,107.0,113.0,132.0,142.0,133.0,149.0,145.0,140.47775,141.04582
2016-03-04 06:40:00,105.0,89.0,93.0,89.0,102.00000000000001,107.0,113.0,132.0,142.0,133.0,149.0,145.0,152.0,141.04582,144.1342
2016-03-04 06:45:00,89.0,93.0,89.0,102.00000000000001,107.0,113.0,132.0,142.0,133.0,149.0,145.0,152.0,161.0,144.1342,147.63652
2016-03-04 06:50:00,93.0,89.0,102.00000000000001,107.0,113.0,132.0,142.0,133.0,149.0,145.0,152.0,161.0,148.0,147.63652,144.23117
2016-03-04 06:55:00,89.0,102.00000000000001,107.0,113.0,132.0,142.0,133.0,149.0,145.0,152.0,161.0,148.0,134.0,144.23117,135.1589
2016-03-04 07:00:00,102.00000000000001,107.0,113.0,132.0,142.0,133.0,149.0,145.0,152.0,161.0,148.0,134.0,181.0,135.1589,146.22697
2016-03-04 07:05:00,107.0,113.0,132.0,142.0,133.0,149.0,145.0,152.0,161.0,148.0,134.0,181.0,127.0,146.22697,133.03183
2016-03-04 07:10:00,113.0,132.0,142.0,133.0,149.0,145.0,152.0,161.0,148.0,134.0,181.0,127.0,145.0,133.03183,129.8215
2016-03-04 07:15:00,132.0,142.0,133.0,149.0,145.0,152.0,161.0,148.0,134.0,181.0,127.0,145.0,120.0,129.8215,118.6692
2016-03-04 07:20:00,142.0,133.0,149.0,145.0,152.0,161.0,148.0,134.0,181.0,127.0,145.0,120.0,122.0,118.6692,112.95438
2016-03-04 07:25:00,133.0,149.0,145.0,152.0,161.0,148.0,134.0,181.0,127.0,145.0,120.0,122.0,119.0,112.95438,108.586266
2016-03-04 07:30:00,149.0,145.0,152.0,161.0,148.0,134.0,181.0,127.0,145.0,120.0,122.0,119.0,101.0,108.586266,99.62985
2016-03-04 07:35:00,145.0,152.0,161.0,148.0,134.0,181.0,127.0,145.0,120.0,122.0,119.0,101.0,81.0,99.62985,86.254814
2016-03-04 07:40:00,152.0,161.0,148.0,134.0,181.0,127.0,145.0,120.0,122.0,119.0,101.0,81.0,93.0,86.254814,84.743385
2016-03-04 07:45:00,161.0,148.0,134.0,181.0,127.0,145.0,120.0,122.0,119.0,101.0,81.0,93.0,84.0,84.743385,82.432396
2016-03-04 07:50:00,148.0,134.0,181.0,127.0,145.0,120.0,122.0,119.0,101.0,81.0,93.0,84.0,66.0,82.432396,74.051865
2016-03-04 07:55:00,134.0,181.0,127.0,145.0,120.0,122.0,119.0,101.0,81.0,93.0,84.0,66.0,78.0,74.051865,73.90758
2016-03-04 08:00:00,181.0,127.0,145.0,120.0,122.0,119.0,101.0,81.0,93.0,84.0,66.0,78.0,90.0,73.90758,81.14743
2016-03-04 08:05:00,127.0,145.0,120.0,122.0,119.0,101.0,81.0,93.0,84.0,66.0,78.0,90.0,89.0,81.14743,84.95954
2016-03-04 08:10:00,145.0,120.0,122.0,119.0,101.0,81.0,93.0,84.0,66.0,78.0,90.0,89.0,99.0,84.95954,91.97634
2016-03-04 08:15:00,120.0,122.0,119.0,101.0,81.0,93.0,84.0,66.0,78.0,90.0,89.0,99.0,96.0,91.97634,94.7942
2016-03-04 08:20:00,122.0,119.0,101.0,81.0,93.0,84.0,66.0,78.0,90.0,89.0,99.0,96.0,94.0,94.7942,95.568825
2016-03-04 08:25:00,119.0,101.0,81.0,93.0,84.0,66.0,78.0,90.0,89.0,99.0,96.0,94.0,80.0,95.568825,89.88311
2016-03-04 08:30:00,101.0,81.0,93.0,84.0,66.0,78.0,90.0,89.0,99.0,96.0,94.0,80.0,73.0,89.88311,82.88626
2016-03-04 08:35:00,81.0,93.0,84.0,66.0,78.0,90.0,89.0,99.0,96.0,94.0,80.0,73.0,79.0,82.88626,81.06324
2016-03-04 08:40:00,93.0,84.0,66.0,78.0,90.0,89.0,99.0,96.0,94.0,80.0,73.0,79.0,94.0,81.06324,87.78918
2016-03-04 08:45:00,84.0,66.0,78.0,90.0,89.0,99.0,96.0,94.0,80.0,73.0,79.0,94.0,94.0,87.78918,92.33313
2016-03-04 08:50:00,66.0,78.0,90.0,89.0,99.0,96.0,94.0,80.0,73.0,79.0,94.0,94.0,80.0,92.33313,87.56727
2016-03-04 08:55:00,78.0,90.0,89.0,99.0,96.0,94.0,80.0,73.0,79.0,94.0,94.0,80.0,77.0,87.56727,82.713036
2016-03-04 09:00:00,90.0,89.0,99.0,96.0,94.0,80.0,73.0,79.0,94.0,94.0,80.0,77.0,95.0,82.713036,88.26906
2016-03-04 09:05:00,89.0,99.0,96.0,94.0,80.0,73.0,79.0,94.0,94.0,80.0,77.0,95.0,103.00000000000001,88.26906,96.239105
2016-03-04 09:10:00,99.0,96.0,94.0,80.0,73.0,79.0,94.0,94.0,80.0,77.0,95.0,103.00000000000001,93.0,96.239105,96.70426
2016-03-04 09:15:00,96.0,94.0,80.0,73.0,79.0,94.0,94.0,80.0,77.0,95.0,103.00000000000001,93.0,100.0,96.70426,99.66584
2016-03-04 09:20:00,94.0,80.0,73.0,79.0,94.0,94.0,80.0,77.0,95.0,103.00000000000001,93.0,100.0,93.0,99.66584,98.48743
2016-03-04 09:25:00,80.0,73.0,79.0,94.0,94.0,80.0,77.0,95.0,103.00000000000001,93.0,100.0,93.0,103.99999999999999,98.48743,102.224915
2016-03-04 09:30:00,73.0,79.0,94.0,94.0,80.0,77.0,95.0,103.00000000000001,93.0,100.0,93.0,103.99999999999999,102.00000000000001,102.224915,103.43622
2016-03-04 09:35:00,79.0,94.0,94.0,80.0,77.0,95.0,103.00000000000001,93.0,100.0,93.0,103.99999999999999,102.00000000000001,105.0,103.43622,105.22114
2016-03-04 09:40:00,94.0,94.0,80.0,77.0,95.0,103.00000000000001,93.0,100.0,93.0,103.99999999999999,102.00000000000001,105.0,107.0,105.22114,107.49862
2016-03-04 09:45:00,94.0,80.0,77.0,95.0,103.00000000000001,93.0,100.0,93.0,103.99999999999999,102.00000000000001,105.0,107.0,135.0,107.49862,121.365845
2016-03-04 09:50:00,80.0,77.0,95.0,103.00000000000001,93.0,100.0,93.0,103.99999999999999,102.00000000000001,105.0,107.0,135.0,97.0,121.365845,112.41014
2016-03-04 09:55:00,77.0,95.0,103.00000000000001,93.0,100.0,93.0,103.99999999999999,102.00000000000001,105.0,107.0,135.0,97.0,105.0,112.41014,108.544136
2016-03-04 10:00:00,95.0,103.00000000000001,93.0,100.0,93.0,103.99999999999999,102.00000000000001,105.0,107.0,135.0,97.0,105.0,115.0,108.544136,111.51538
2016-03-04 10:05:00,103.00000000000001,93.0,100.0,93.0,103.99999999999999,102.00000000000001,105.0,107.0,135.0,97.0,105.0,115.0,100.0,111.51538,107.1681
2016-03-04 10:10:00,93.0,100.0,93.0,103.99999999999999,102.00000000000001,105.0,107.0,135.0,97.0,105.0,115.0,100.0,110.99999999999999,107.1681,108.58926
2016-03-04 10:15:00,100.0,93.0,103.99999999999999,102.00000000000001,105.0,107.0,135.0,97.0,105.0,115.0,100.0,110.99999999999999,123.0,108.58926,115.23911
2016-03-04 10:20:00,93.0,103.99999999999999,102.00000000000001,105.0,107.0,135.0,97.0,105.0,115.0,100.0,110.99999999999999,123.0,103.99999999999999,115.23911,110.37056
2016-03-04 10:25:00,103.99999999999999,102.00000000000001,105.0,107.0,135.0,97.0,105.0,115.0,100.0,110.99999999999999,123.0,103.99999999999999,94.0,110.37056,102.400024
2016-03-04 10:30:00,102.00000000000001,105.0,107.0,135.0,97.0,105.0,115.0,100.0,110.99999999999999,123.0,103.99999999999999,94.0,95.0,102.400024,97.8735
2016-03-04 10:35:00,105.0,107.0,135.0,97.0,105.0,115.0,100.0,110.99999999999999,123.0,103.99999999999999,94.0,95.0,110.00000000000001,97.8735,102.50304
2016-03-04 10:40:00,107.0,135.0,97.0,105.0,115.0,100.0,110.99999999999999,123.0,103.99999999999999,94.0,95.0,110.00000000000001,113.0,102.50304,107.22883
2016-03-04 10:45:00,135.0,97.0,105.0,115.0,100.0,110.99999999999999,123.0,103.99999999999999,94.0,95.0,110.00000000000001,113.0,124.00000000000001,107.22883,115.81999
2016-03-04 10:50:00,97.0,105.0,115.0,100.0,110.99999999999999,123.0,103.99999999999999,94.0,95.0,110.00000000000001,113.0,124.00000000000001,115.0,115.81999,115.683014
2016-03-04 10:55:00,105.0,115.0,100.0,110.99999999999999,123.0,103.99999999999999,94.0,95.0,110.00000000000001,113.0,124.00000000000001,115.0,120.0,115.683014,117.308495
2016-03-04 11:00:00,115.0,100.0,110.99999999999999,123.0,103.99999999999999,94.0,95.0,110.00000000000001,113.0,124.00000000000001,115.0,120.0,120.0,117.308495,118.63153
2016-03-04 11:05:00,100.0,110.99999999999999,123.0,103.99999999999999,94.0,95.0,110.00000000000001,113.0,124.00000000000001,115.0,120.0,120.0,95.0,118.63153,107.79112
2016-03-04 11:10:00,110.99999999999999,123.0,103.99999999999999,94.0,95.0,110.00000000000001,113.0,124.00000000000001,115.0,120.0,120.0,95.0,109.00000000000001,107.79112,107.22994
2016-03-04 11:15:00,123.0,103.99999999999999,94.0,95.0,110.00000000000001,113.0,124.00000000000001,115.0,120.0,120.0,95.0,109.00000000000001,110.00000000000001,107.22994,108.76921
2016-03-04 11:20:00,103.99999999999999,94.0,95.0,110.00000000000001,113.0,124.00000000000001,115.0,120.0,120.0,95.0,109.00000000000001,110.00000000000001,117.00000000000001,108.76921,112.37206
2016-03-04 11:25:00,94.0,95.0,110.00000000000001,113.0,124.00000000000001,115.0,120.0,120.0,95.0,109.00000000000001,110.00000000000001,117.00000000000001,114.0,112.37206,112.59662
2016-03-04 11:30:00,95.0,110.00000000000001,113.0,124.00000000000001,115.0,120.0,120.0,95.0,109.00000000000001,110.00000000000001,117.00000000000001,114.0,109.00000000000001,112.59662,109.901924
2016-03-04 11:35:00,110.00000000000001,113.0,124.00000000000001,115.0,120.0,120.0,95.0,109.00000000000001,110.00000000000001,117.00000000000001,114.0,109.00000000000001,110.00000000000001,109.901924,108.892075
2016-03-04 11:40:00,113.0,124.00000000000001,115.0,120.0,120.0,95.0,109.00000000000001,110.00000000000001,117.00000000000001,114.0,109.00000000000001,110.00000000000001,103.99999999999999,108.892075,105.83335
2016-03-04 11:45:00,124.00000000000001,115.0,120.0,120.0,95.0,109.00000000000001,110.00000000000001,117.00000000000001,114.0,109.00000000000001,110.00000000000001,103.99999999999999,119.0,105.83335,111.18228
2016-03-04 11:50:00,115.0,120.0,120.0,95.0,109.00000000000001,110.00000000000001,117.00000000000001,114.0,109.00000000000001,110.00000000000001,103.99999999999999,119.0,105.0,111.18228,108.40022
2016-03-04 11:55:00,120.0,120.0,95.0,109.00000000000001,110.00000000000001,117.00000000000001,114.0,109.00000000000001,110.00000000000001,103.99999999999999,119.0,105.0,105.0,108.40022,106.53445
2016-03-04 12:00:00,120.0,95.0,109.00000000000001,110.00000000000001,117.00000000000001,114.0,109.00000000000001,110.00000000000001,103.99999999999999,119.0,105.0,105.0,116.0,106.53445,110.6861
2016-03-04 12:05:00,95.0,109.00000000000001,110.00000000000001,117.00000000000001,114.0,109.00000000000001,110.00000000000001,103.99999999999999,119.0,105.0,105.0,116.0,97.0,110.6861,104.12044
2016-03-04 12:10:00,109.00000000000001,110.00000000000001,117.00000000000001,114.0,109.00000000000001,110.00000000000001,103.99999999999999,119.0,105.0,105.0,116.0,97.0,98.0,104.12044,100.41224
2016-03-04 12:15:00,110.00000000000001,117.00000000000001,114.0,109.00000000000001,110.00000000000001,103.99999999999999,119.0,105.0,105.0,116.0,97.0,98.0,91.0,100.41224,95.42633
2016-03-04 12:20:00,117.00000000000001,114.0,109.00000000000001,110.00000000000001,103.99999999999999,119.0,105.0,105.0,116.0,97.0,98.0,91.0,103.99999999999999,95.42633,98.74671
2016-03-04 12:25:00,114.0,109.00000000000001,110.00000000000001,103.99999999999999,119.0,105.0,105.0,116.0,97.0,98.0,91.0,103.99999999999999,113.0,98.74671,105.469864
2016-03-04 12:30:00,109.00000000000001,110.00000000000001,103.99999999999999,119.0,105.0,105.0,116.0,97.0,98.0,91.0,103.99999999999999,113.0,101.0,105.469864,103.998375
2016-03-04 12:35:00,110.00000000000001,103.99999999999999,119.0,105.0,105.0,116.0,97.0,98.0,91.0,103.99999999999999,113.0,101.0,120.0,103.998375,111.157104
2016-03-04 12:40:00,103.99999999999999,119.0,105.0,105.0,116.0,97.0,98.0,91.0,103.99999999999999,113.0,101.0,120.0,115.0,111.157104,113.337524
2016-03-04 12:45:00,119.0,105.0,105.0,116.0,97.0,98.0,91.0,103.99999999999999,113.0,101.0,120.0,115.0,124.99999999999999,113.337524,119.16593
2016-03-04 12:50:00,105.0,105.0,116.0,97.0,98.0,91.0,103.99999999999999,113.0,101.0,120.0,115.0,124.99999999999999,114.0,119.16593,117.451164
2016-03-04 12:55:00,105.0,116.0,97.0,98.0,91.0,103.99999999999999,113.0,101.0,120.0,115.0,124.99999999999999,114.0,98.0,117.451164,108.83927
2016-03-04 13:00:00,116.0,97.0,98.0,91.0,103.99999999999999,113.0,101.0,120.0,115.0,124.99999999999999,114.0,98.0,115.0,108.83927,111.46767
2016-03-04 13:05:00,97.0,98.0,91.0,103.99999999999999,113.0,101.0,120.0,115.0,124.99999999999999,114.0,98.0,115.0,120.0,111.46767,115.357376
2016-03-04 13:10:00,98.0,91.0,103.99999999999999,113.0,101.0,120.0,115.0,124.99999999999999,114.0,98.0,115.0,120.0,109.00000000000001,115.357376,112.58598
2016-03-04 13:15:00,91.0,103.99999999999999,113.0,101.0,120.0,115.0,124.99999999999999,114.0,98.0,115.0,120.0,109.00000000000001,112.0,112.58598,111.18676
2016-03-04 13:20:00,103.99999999999999,113.0,101.0,120.0,115.0,124.99999999999999,114.0,98.0,115.0,120.0,109.00000000000001,112.0,110.99999999999999,111.18676,110.20764
2016-03-04 13:25:00,113.0,101.0,120.0,115.0,124.99999999999999,114.0,98.0,115.0,120.0,109.00000000000001,112.0,110.99999999999999,112.0,110.20764,110.34827
2016-03-04 13:30:00,101.0,120.0,115.0,124.99999999999999,114.0,98.0,115.0,120.0,109.00000000000001,112.0,110.99999999999999,112.0,100.0,110.34827,104.62093
2016-03-04 13:35:00,120.0,115.0,124.99999999999999,114.0,98.0,115.0,120.0,109.00000000000001,112.0,110.99999999999999,112.0,100.0,96.0,104.62093,99.80364
2016-03-04 13:40:00,115.0,124.99999999999999,114.0,98.0,115.0,120.0,109.00000000000001,112.0,110.99999999999999,112.0,100.0,96.0,109.00000000000001,99.80364,102.95705
2016-03-04 13:45:00,124.99999999999999,114.0,98.0,115.0,120.0,109.00000000000001,112.0,110.99999999999999,112.0,100.0,96.0,109.00000000000001,115.0,102.95705,108.63582
2016-03-04 13:50:00,114.0,98.0,115.0,120.0,109.00000000000001,112.0,110.99999999999999,112.0,100.0,96.0,109.00000000000001,115.0,117.00000000000001,108.63582,112.672005
2016-03-04 13:55:00,98.0,115.0,120.0,109.00000000000001,112.0,110.99999999999999,112.0,100.0,96.0,109.00000000000001,115.0,117.00000000000001,98.0,112.672005,105.71697
2016-03-04 14:00:00,115.0,120.0,109.00000000000001,112.0,110.99999999999999,112.0,100.0,96.0,109.00000000000001,115.0,117.00000000000001,98.0,113.0,105.71697,108.16511
2016-03-04 14:05:00,120.0,109.00000000000001,112.0,110.99999999999999,112.0,100.0,96.0,109.00000000000001,115.0,117.00000000000001,98.0,113.0,92.0,108.16511,101.16802
2016-03-04 14:10:00,109.00000000000001,112.0,110.99999999999999,112.0,100.0,96.0,109.00000000000001,115.0,117.00000000000001,98.0,113.0,92.0,107.0,101.16802,103.04248
2016-03-04 14:15:00,112.0,110.99999999999999,112.0,100.0,96.0,109.00000000000001,115.0,117.00000000000001,98.0,113.0,92.0,107.0,97.0,103.04248,100.504395
2016-03-04 14:20:00,110.99999999999999,112.0,100.0,96.0,109.00000000000001,115.0,117.00000000000001,98.0,113.0,92.0,107.0,97.0,103.99999999999999,100.504395,101.97821
2016-03-04 14:25:00,112.0,100.0,96.0,109.00000000000001,115.0,117.00000000000001,98.0,113.0,92.0,107.0,97.0,103.99999999999999,91.0,101.97821,97.38949
2016-03-04 14:30:00,100.0,96.0,109.00000000000001,115.0,117.00000000000001,98.0,113.0,92.0,107.0,97.0,103.99999999999999,91.0,109.00000000000001,97.38949,102.15205
2016-03-04 14:35:00,96.0,109.00000000000001,115.0,117.00000000000001,98.0,113.0,92.0,107.0,97.0,103.99999999999999,91.0,109.00000000000001,91.0,102.15205,97.24221
2016-03-04 14:40:00,109.00000000000001,115.0,117.00000000000001,98.0,113.0,92.0,107.0,97.0,103.99999999999999,91.0,109.00000000000001,91.0,105.0,97.24221,100.371414
2016-03-04 14:45:00,115.0,117.00000000000001,98.0,113.0,92.0,107.0,97.0,103.99999999999999,91.0,109.00000000000001,91.0,105.0,100.0,100.371414,100.783134
2016-03-04 14:50:00,117.00000000000001,98.0,113.0,92.0,107.0,97.0,103.99999999999999,91.0,109.00000000000001,91.0,105.0,100.0,103.99999999999999,100.783134,102.92927
2016-03-04 14:55:00,98.0,113.0,92.0,107.0,97.0,103.99999999999999,91.0,109.00000000000001,91.0,105.0,100.0,103.99999999999999,106.0,102.92927,104.73564
2016-03-04 15:00:00,113.0,92.0,107.0,97.0,103.99999999999999,91.0,109.00000000000001,91.0,105.0,100.0,103.99999999999999,106.0,89.0,104.73564,98.58578
2016-03-04 15:05:00,92.0,107.0,97.0,103.99999999999999,91.0,109.00000000000001,91.0,105.0,100.0,103.99999999999999,106.0,89.0,89.0,98.58578,93.80891
2016-03-04 15:10:00,107.0,97.0,103.99999999999999,91.0,109.00000000000001,91.0,105.0,100.0,103.99999999999999,106.0,89.0,89.0,100.0,93.80891,96.731
2016-03-04 15:15:00,97.0,103.99999999999999,91.0,109.00000000000001,91.0,105.0,100.0,103.99999999999999,106.0,89.0,89.0,100.0,113.0,96.731,104.78446
2016-03-04 15:20:00,103.99999999999999,91.0,109.00000000000001,91.0,105.0,100.0,103.99999999999999,106.0,89.0,89.0,100.0,113.0,103.99999999999999,104.78446,105.8163
2016-03-04 15:25:00,91.0,109.00000000000001,91.0,105.0,100.0,103.99999999999999,106.0,89.0,89.0,100.0,113.0,103.99999999999999,105.0,105.8163,105.77661
2016-03-04 15:30:00,109.00000000000001,91.0,105.0,100.0,103.99999999999999,106.0,89.0,89.0,100.0,113.0,103.99999999999999,105.0,93.0,105.77661,100.74895
2016-03-04 15:35:00,91.0,105.0,100.0,103.99999999999999,106.0,89.0,89.0,100.0,113.0,103.99999999999999,105.0,93.0,92.0,100.74895,96.46769
2016-03-04 15:40:00,105.0,100.0,103.99999999999999,106.0,89.0,89.0,100.0,113.0,103.99999999999999,105.0,93.0,92.0,113.0,96.46769,104.17116
2016-03-04 15:45:00,100.0,103.99999999999999,106.0,89.0,89.0,100.0,113.0,103.99999999999999,105.0,93.0,92.0,113.0,126.0,104.17116,115.19954
2016-03-04 15:50:00,103.99999999999999,106.0,89.0,89.0,100.0,113.0,103.99999999999999,105.0,93.0,92.0,113.0,126.0,120.0,115.19954,118.894165
2016-03-04 15:55:00,106.0,89.0,89.0,100.0,113.0,103.99999999999999,105.0,93.0,92.0,113.0,126.0,120.0,91.0,118.894165,107.654785
2016-03-04 16:00:00,89.0,89.0,100.0,113.0,103.99999999999999,105.0,93.0,92.0,113.0,126.0,120.0,91.0,92.0,107.654785,99.69778
2016-03-04 16:05:00,89.0,100.0,113.0,103.99999999999999,105.0,93.0,92.0,113.0,126.0,120.0,91.0,92.0,89.0,99.69778,93.953476
2016-03-04 16:10:00,100.0,113.0,103.99999999999999,105.0,93.0,92.0,113.0,126.0,120.0,91.0,92.0,89.0,101.0,93.953476,96.612366
2016-03-04 16:15:00,113.0,103.99999999999999,105.0,93.0,92.0,113.0,126.0,120.0,91.0,92.0,89.0,101.0,109.00000000000001,96.612366,102.905174
2016-03-04 16:20:00,103.99999999999999,105.0,93.0,92.0,113.0,126.0,120.0,91.0,92.0,89.0,101.0,109.00000000000001,95.0,102.905174,100.1175
2016-03-04 16:25:00,105.0,93.0,92.0,113.0,126.0,120.0,91.0,92.0,89.0,101.0,109.00000000000001,95.0,87.0,100.1175,94.20921
2016-03-04 16:30:00,93.0,92.0,113.0,126.0,120.0,91.0,92.0,89.0,101.0,109.00000000000001,95.0,87.0,84.0,94.20921,88.858376
2016-03-04 16:35:00,92.0,113.0,126.0,120.0,91.0,92.0,89.0,101.0,109.00000000000001,95.0,87.0,84.0,87.0,88.858376,87.15872
2016-03-04 16:40:00,113.0,126.0,120.0,91.0,92.0,89.0,101.0,109.00000000000001,95.0,87.0,84.0,87.0,89.0,87.15872,87.94762
2016-03-04 16:45:00,126.0,120.0,91.0,92.0,89.0,101.0,109.00000000000001,95.0,87.0,84.0,87.0,89.0,98.0,87.94762,93.22035
2016-03-04 16:50:00,120.0,91.0,92.0,89.0,101.0,109.00000000000001,95.0,87.0,84.0,87.0,89.0,98.0,103.99999999999999,93.22035,99.682686
2016-03-04 16:55:00,91.0,92.0,89.0,101.0,109.00000000000001,95.0,87.0,84.0,87.0,89.0,98.0,103.99999999999999,87.0,99.682686,95.06826
2016-03-04 17:00:00,92.0,89.0,101.0,109.00000000000001,95.0,87.0,84.0,87.0,89.0,98.0,103.99999999999999,87.0,79.0,95.06826,87.88875
2016-03-04 17:05:00,89.0,101.0,109.00000000000001,95.0,87.0,84.0,87.0,89.0,98.0,103.99999999999999,87.0,79.0,83.0,87.88875,85.236916
2016-03-04 17:10:00,101.0,109.00000000000001,95.0,87.0,84.0,87.0,89.0,98.0,103.99999999999999,87.0,79.0,83.0,97.0,85.236916,90.87163
2016-03-04 17:15:00,109.00000000000001,95.0,87.0,84.0,87.0,89.0,98.0,103.99999999999999,87.0,79.0,83.0,97.0,86.0,90.87163,90.21194
2016-03-04 17:20:00,95.0,87.0,84.0,87.0,89.0,98.0,103.99999999999999,87.0,79.0,83.0,97.0,86.0,99.0,90.21194,95.07826
2016-03-04 17:25:00,87.0,84.0,87.0,89.0,98.0,103.99999999999999,87.0,79.0,83.0,97.0,86.0,99.0,98.0,95.07826,97.70949
2016-03-04 17:30:00,84.0,87.0,89.0,98.0,103.99999999999999,87.0,79.0,83.0,97.0,86.0,99.0,98.0,89.0,97.70949,94.712585
2016-03-04 17:35:00,87.0,89.0,98.0,103.99999999999999,87.0,79.0,83.0,97.0,86.0,99.0,98.0,89.0,99.0,94.712585,97.10852
2016-03-04 17:40:00,89.0,98.0,103.99999999999999,87.0,79.0,83.0,97.0,86.0,99.0,98.0,89.0,99.0,85.0,97.10852,92.50466
2016-03-04 17:45:00,98.0,103.99999999999999,87.0,79.0,83.0,97.0,86.0,99.0,98.0,89.0,99.0,85.0,76.0,92.50466,85.46037
2016-03-04 17:50:00,103.99999999999999,87.0,79.0,83.0,97.0,86.0,99.0,98.0,89.0,99.0,85.0,76.0,77.0,85.46037,81.91838
2016-03-04 17:55:00,87.0,79.0,83.0,97.0,86.0,99.0,98.0,89.0,99.0,85.0,76.0,77.0,83.0,81.91838,82.56351
2016-03-04 18:00:00,79.0,83.0,97.0,86.0,99.0,98.0,89.0,99.0,85.0,76.0,77.0,83.0,93.0,82.56351,87.66768
2016-03-04 18:05:00,83.0,97.0,86.0,99.0,98.0,89.0,99.0,85.0,76.0,77.0,83.0,93.0,71.0,87.66768,81.010086
2016-03-04 18:10:00,97.0,86.0,99.0,98.0,89.0,99.0,85.0,76.0,77.0,83.0,93.0,71.0,71.0,81.010086,76.31349
2016-03-04 18:15:00,86.0,99.0,98.0,89.0,99.0,85.0,76.0,77.0,83.0,93.0,71.0,71.0,74.0,76.31349,74.8377
2016-03-04 18:20:00,99.0,98.0,89.0,99.0,85.0,76.0,77.0,83.0,93.0,71.0,71.0,74.0,102.00000000000001,74.8377,87.29243
2016-03-04 18:25:00,98.0,89.0,99.0,85.0,76.0,77.0,83.0,93.0,71.0,71.0,74.0,102.00000000000001,89.0,87.29243,90.12266
2016-03-04 18:30:00,89.0,99.0,85.0,76.0,77.0,83.0,93.0,71.0,71.0,74.0,102.00000000000001,89.0,82.0,90.12266,87.52046
2016-03-04 18:35:00,99.0,85.0,76.0,77.0,83.0,93.0,71.0,71.0,74.0,102.00000000000001,89.0,82.0,76.0,87.52046,83.16677
2016-03-04 18:40:00,85.0,76.0,77.0,83.0,93.0,71.0,71.0,74.0,102.00000000000001,89.0,82.0,76.0,64.0,83.16677,74.99845
2016-03-04 18:45:00,76.0,77.0,83.0,93.0,71.0,71.0,74.0,102.00000000000001,89.0,82.0,76.0,64.0,77.0,74.99845,75.42642
2016-03-04 18:50:00,77.0,83.0,93.0,71.0,71.0,74.0,102.00000000000001,89.0,82.0,76.0,64.0,77.0,77.0,75.42642,76.54537
2016-03-04 18:55:00,83.0,93.0,71.0,71.0,74.0,102.00000000000001,89.0,82.0,76.0,64.0,77.0,77.0,85.0,76.54537,80.98578
2016-03-04 19:00:00,93.0,71.0,71.0,74.0,102.00000000000001,89.0,82.0,76.0,64.0,77.0,77.0,85.0,86.0,80.98578,84.69595
2016-03-04 19:05:00,71.0,71.0,74.0,102.00000000000001,89.0,82.0,76.0,64.0,77.0,77.0,85.0,86.0,83.0,84.69595,84.873184
2016-03-04 19:10:00,71.0,74.0,102.00000000000001,89.0,82.0,76.0,64.0,77.0,77.0,85.0,86.0,83.0,93.0,84.873184,89.1916
2016-03-04 19:15:00,74.0,102.00000000000001,89.0,82.0,76.0,64.0,77.0,77.0,85.0,86.0,83.0,93.0,83.0,89.1916,87.407936
2016-03-04 19:20:00,102.00000000000001,89.0,82.0,76.0,64.0,77.0,77.0,85.0,86.0,83.0,93.0,83.0,96.0,87.407936,92.655785
2016-03-04 19:25:00,89.0,82.0,76.0,64.0,77.0,77.0,85.0,86.0,83.0,93.0,83.0,96.0,97.0,92.655785,96.80508
2016-03-04 19:30:00,82.0,76.0,64.0,77.0,77.0,85.0,86.0,83.0,93.0,83.0,96.0,97.0,86.0,96.80508,93.9361
2016-03-04 19:35:00,76.0,64.0,77.0,77.0,85.0,86.0,83.0,93.0,83.0,96.0,97.0,86.0,97.0,93.9361,96.602585
2016-03-04 19:40:00,64.0,77.0,77.0,85.0,86.0,83.0,93.0,83.0,96.0,97.0,86.0,97.0,100.0,96.602585,99.42516
2016-03-04 19:45:00,77.0,77.0,85.0,86.0,83.0,93.0,83.0,96.0,97.0,86.0,97.0,100.0,76.0,99.42516,90.14286
2016-03-04 19:50:00,77.0,85.0,86.0,83.0,93.0,83.0,96.0,97.0,86.0,97.0,100.0,76.0,76.0,90.14286,83.53189
2016-03-04 19:55:00,85.0,86.0,83.0,93.0,83.0,96.0,97.0,86.0,97.0,100.0,76.0,76.0,79.0,83.53189,81.4038
2016-03-04 20:00:00,86.0,83.0,93.0,83.0,96.0,97.0,86.0,97.0,100.0,76.0,76.0,79.0,77.0,81.4038,79.67573
2016-03-04 20:05:00,83.0,93.0,83.0,96.0,97.0,86.0,97.0,100.0,76.0,76.0,79.0,77.0,71.0,79.67573,75.909584
2016-03-04 20:10:00,93.0,83.0,96.0,97.0,86.0,97.0,100.0,76.0,76.0,79.0,77.0,71.0,98.0,75.909584,85.7868
2016-03-04 20:15:00,83.0,96.0,97.0,86.0,97.0,100.0,76.0,76.0,79.0,77.0,71.0,98.0,89.0,85.7868,88.53351
2016-03-04 20:20:00,96.0,97.0,86.0,97.0,100.0,76.0,76.0,79.0,77.0,71.0,98.0,89.0,64.0,88.53351,78.415245
2016-03-04 20:25:00,97.0,86.0,97.0,100.0,76.0,76.0,79.0,77.0,71.0,98.0,89.0,64.0,73.0,78.415245,75.38761
2016-03-04 20:30:00,86.0,97.0,100.0,76.0,76.0,79.0,77.0,71.0,98.0,89.0,64.0,73.0,60.0,75.38761,68.62193
2016-03-04 20:35:00,97.0,100.0,76.0,76.0,79.0,77.0,71.0,98.0,89.0,64.0,73.0,60.0,51.99999999999999,68.62193,61.322704
2016-03-04 20:40:00,100.0,76.0,76.0,79.0,77.0,71.0,98.0,89.0,64.0,73.0,60.0,51.99999999999999,47.0,61.322704,55.103737
2016-03-04 20:45:00,76.0,76.0,79.0,77.0,71.0,98.0,89.0,64.0,73.0,60.0,51.99999999999999,47.0,53.0,55.103737,53.356804
2016-03-04 20:50:00,76.0,79.0,77.0,71.0,98.0,89.0,64.0,73.0,60.0,51.99999999999999,47.0,53.0,68.0,53.356804,58.51083
2016-03-04 20:55:00,79.0,77.0,71.0,98.0,89.0,64.0,73.0,60.0,51.99999999999999,47.0,53.0,68.0,61.0,58.51083,59.72349
2016-03-04 21:00:00,77.0,71.0,98.0,89.0,64.0,73.0,60.0,51.99999999999999,47.0,53.0,68.0,61.0,43.0,59.72349,52.864704
2016-03-04 21:05:00,71.0,98.0,89.0,64.0,73.0,60.0,51.99999999999999,47.0,53.0,68.0,61.0,43.0,53.0,52.864704,51.49109
2016-03-04 21:10:00,98.0,89.0,64.0,73.0,60.0,51.99999999999999,47.0,53.0,68.0,61.0,43.0,53.0,51.00000000000001,51.49109,50.69773
2016-03-04 21:15:00,89.0,64.0,73.0,60.0,51.99999999999999,47.0,53.0,68.0,61.0,43.0,53.0,51.00000000000001,58.0,50.69773,53.21082
2016-03-04 21:20:00,64.0,73.0,60.0,51.99999999999999,47.0,53.0,68.0,61.0,43.0,53.0,51.00000000000001,58.0,53.0,53.21082,53.150772
2016-03-04 21:25:00,73.0,60.0,51.99999999999999,47.0,53.0,68.0,61.0,43.0,53.0,51.00000000000001,58.0,53.0,71.0,53.150772,60.668507
2016-03-04 21:30:00,60.0,51.99999999999999,47.0,53.0,68.0,61.0,43.0,53.0,51.00000000000001,58.0,53.0,71.0,43.0,60.668507,54.645256
2016-03-04 21:35:00,51.99999999999999,47.0,53.0,68.0,61.0,43.0,53.0,51.00000000000001,58.0,53.0,71.0,43.0,38.0,54.645256,47.416252
2016-03-04 21:40:00,47.0,53.0,68.0,61.0,43.0,53.0,51.00000000000001,58.0,53.0,71.0,43.0,38.0,44.0,47.416252,44.748573
2016-03-04 21:45:00,53.0,68.0,61.0,43.0,53.0,51.00000000000001,58.0,53.0,71.0,43.0,38.0,44.0,60.0,44.748573,49.476757
2016-03-04 21:50:00,68.0,61.0,43.0,53.0,51.00000000000001,58.0,53.0,71.0,43.0,38.0,44.0,60.0,40.0,49.476757,46.40081
2016-03-04 21:55:00,61.0,43.0,53.0,51.00000000000001,58.0,53.0,71.0,43.0,38.0,44.0,60.0,40.0,40.0,46.40081,43.297855
2016-03-04 22:00:00,43.0,53.0,51.00000000000001,58.0,53.0,71.0,43.0,38.0,44.0,60.0,40.0,40.0,34.0,43.297855,38.85501
2016-03-04 22:05:00,53.0,51.00000000000001,58.0,53.0,71.0,43.0,38.0,44.0,60.0,40.0,40.0,34.0,32.0,38.85501,35.28553
2016-03-04 22:10:00,51.00000000000001,58.0,53.0,71.0,43.0,38.0,44.0,60.0,40.0,40.0,34.0,32.0,37.0,35.28553,34.28674
2016-03-04 22:15:00,58.0,53.0,71.0,43.0,38.0,44.0,60.0,40.0,40.0,34.0,32.0,37.0,43.0,34.28674,35.740265
2016-03-04 22:20:00,53.0,71.0,43.0,38.0,44.0,60.0,40.0,40.0,34.0,32.0,37.0,43.0,47.0,35.740265,38.48119
2016-03-04 22:25:00,71.0,43.0,38.0,44.0,60.0,40.0,40.0,34.0,32.0,37.0,43.0,47.0,47.0,38.48119,41.40371
2016-03-04 22:30:00,43.0,38.0,44.0,60.0,40.0,40.0,34.0,32.0,37.0,43.0,47.0,47.0,43.0,41.40371,41.681686
2016-03-04 22:35:00,38.0,44.0,60.0,40.0,40.0,34.0,32.0,37.0,43.0,47.0,47.0,43.0,36.0,41.681686,39.18742
2016-03-04 22:40:00,44.0,60.0,40.0,40.0,34.0,32.0,37.0,43.0,47.0,47.0,43.0,36.0,38.0,39.18742,38.104156
2016-03-04 22:45:00,60.0,40.0,40.0,34.0,32.0,37.0,43.0,47.0,47.0,43.0,36.0,38.0,37.0,38.104156,37.88658
2016-03-04 22:50:00,40.0,40.0,34.0,32.0,37.0,43.0,47.0,47.0,43.0,36.0,38.0,37.0,33.0,37.88658,35.71814
2016-03-04 22:55:00,40.0,34.0,32.0,37.0,43.0,47.0,47.0,43.0,36.0,38.0,37.0,33.0,33.0,35.71814,33.84932
2016-03-04 23:00:00,34.0,32.0,37.0,43.0,47.0,47.0,43.0,36.0,38.0,37.0,33.0,33.0,27.0,33.84932,30.397915
2016-03-04 23:05:00,32.0,37.0,43.0,47.0,47.0,43.0,36.0,38.0,37.0,33.0,33.0,27.0,22.0,30.397915,26.330715
2016-03-04 23:10:00,37.0,43.0,47.0,47.0,43.0,36.0,38.0,37.0,33.0,33.0,27.0,22.0,32.0,26.330715,25.774853
2016-03-04 23:15:00,43.0,47.0,47.0,43.0,36.0,38.0,37.0,33.0,33.0,27.0,22.0,32.0,23.0,25.774853,23.64131
2016-03-04 23:20:00,47.0,47.0,43.0,36.0,38.0,37.0,33.0,33.0,27.0,22.0,32.0,23.0,18.0,23.64131,20.735748
2016-03-04 23:25:00,47.0,43.0,36.0,38.0,37.0,33.0,33.0,27.0,22.0,32.0,23.0,18.0,24.0,20.735748,19.653458
2016-03-04 23:30:00,43.0,36.0,38.0,37.0,33.0,33.0,27.0,22.0,32.0,23.0,18.0,24.0,29.0,19.653458,20.114046
2016-03-04 23:35:00,36.0,38.0,37.0,33.0,33.0,27.0,22.0,32.0,23.0,18.0,24.0,29.0,28.0,20.114046,20.592249
2016-03-04 23:40:00,38.0,37.0,33.0,33.0,27.0,22.0,32.0,23.0,18.0,24.0,29.0,28.0,25.0,20.592249,20.661919
2016-03-04 23:45:00,37.0,33.0,33.0,27.0,22.0,32.0,23.0,18.0,24.0,29.0,28.0,25.0,19.0,20.661919,19.616955
2016-03-04 23:50:00,33.0,33.0,27.0,22.0,32.0,23.0,18.0,24.0,29.0,28.0,25.0,19.0,25.999999999999996,19.616955,20.1402
2016-03-04 23:55:00,33.0,27.0,22.0,32.0,23.0,18.0,24.0,29.0,28.0,25.0,19.0,25.999999999999996,20.0,20.1402,19.7258
2016-03-05 00:00:00,27.0,22.0,32.0,23.0,18.0,24.0,29.0,28.0,25.0,19.0,25.999999999999996,20.0,21.0,19.7258,19.083815
2016-03-05 00:05:00,22.0,32.0,23.0,18.0,24.0,29.0,28.0,25.0,19.0,25.999999999999996,20.0,21.0,23.0,19.083815,18.671938
2016-03-05 00:10:00,32.0,23.0,18.0,24.0,29.0,28.0,25.0,19.0,25.999999999999996,20.0,21.0,23.0,16.0,18.671938,17.593962
2016-03-05 00:15:00,23.0,18.0,24.0,29.0,28.0,25.0,19.0,25.999999999999996,20.0,21.0,23.0,16.0,14.0,17.593962,15.558505
2016-03-05 00:20:00,18.0,24.0,29.0,28.0,25.0,19.0,25.999999999999996,20.0,21.0,23.0,16.0,14.0,15.0,15.558505,13.833862
2016-03-05 00:25:00,24.0,29.0,28.0,25.0,19.0,25.999999999999996,20.0,21.0,23.0,16.0,14.0,15.0,15.0,13.833862,12.833709
2016-03-05 00:30:00,29.0,28.0,25.0,19.0,25.999999999999996,20.0,21.0,23.0,16.0,14.0,15.0,15.0,9.0,12.833709,11.49658
2016-03-05 00:35:00,28.0,25.0,19.0,25.999999999999996,20.0,21.0,23.0,16.0,14.0,15.0,15.0,9.0,14.0,11.49658,11.01442
2016-03-05 00:40:00,25.0,19.0,25.999999999999996,20.0,21.0,23.0,16.0,14.0,15.0,15.0,9.0,14.0,15.0,11.01442,10.90867
2016-03-05 00:45:00,19.0,25.999999999999996,20.0,21.0,23.0,16.0,14.0,15.0,15.0,9.0,14.0,15.0,8.0,10.90867,9.887617
2016-03-05 00:50:00,25.999999999999996,20.0,21.0,23.0,16.0,14.0,15.0,15.0,9.0,14.0,15.0,8.0,12.0,9.887617,9.929948
2016-03-05 00:55:00,20.0,21.0,23.0,16.0,14.0,15.0,15.0,9.0,14.0,15.0,8.0,12.0,3.0,9.929948,9.972279
